Air temperature K,Process temperature K,Rotational speed rpm,Torque Nm,Tool wear min,TWF,HDF,PWF,OSF,RNF,Type_encoded
0.16834886,-0.9330992,-3.0088818,-3.3357627,-1.5054958,-0.33870286,-0.34652153,-0.4070147,-0.16844273,0.0,-0.24296094
-2.5163736,0.25450903,-1.4021488,-0.5499619,-0.96901023,-0.11701097,-0.44057286,-0.37459454,-0.42836,0.0,-2.145292
-0.66617537,-0.97550476,-1.7750909,-3.1755896,-2.0727966,-0.26773873,-0.35546196,-0.38966814,-0.19566132,0.0,0.046005268
-1.1473634,-1.3383762,-1.5946345,-2.1504104,2.0262842,-0.92487544,-0.25021628,-0.25702518,-0.17858389,0.0,-1.208197
-0.5601891,-1.3595495,-1.2153422,-3.356775,-1.8402972,-0.23172452,-0.34563756,-0.40721214,-0.17888926,0.0,0.114273936
0.010715976,-0.5065292,-2.511934,-3.4273615,-1.5239465,-0.31558496,-0.3395463,-0.39250517,-0.16285472,0.0,0.11153707
-0.42343387,-1.3686614,0.8963341,-1.1308451,-1.4948092,-0.12743738,-0.41387314,-0.31589088,-0.28785843,0.0,0.042588353
-0.83989877,0.3465659,1.0769411,0.6502198,-0.97421855,-0.12676547,-0.29857388,-0.30531174,-0.3153704,0.0,0.60261804
1.7461888,-0.32426214,0.63400495,0.39667684,0.042476553,-0.14315851,4.5193233,-0.18575342,-0.17104563,0.0,-1.7167754
-0.05902558,-0.71974826,-2.194895,-3.0568476,0.019239359,-0.28199264,-0.3130072,-0.32083175,-0.16933455,0.0,0.12482778
-0.07861728,0.32196742,-2.0076091,-2.8914666,-1.8996838,-0.2419462,-0.3205755,-0.3963345,-0.17609772,0.0,-0.08395522
-2.2202168,-1.4588265,-0.9978263,-1.6067255,-2.1807072,-0.114375874,-0.48415568,-0.33074552,-0.5176715,0.0,0.058211252
-0.23307021,0.16444135,-2.1423182,-3.3233109,-1.4942039,-0.3341153,-0.3486218,-0.4439447,-0.17204054,0.0,-1.1295899
-0.07403482,-1.9704854,-1.5361116,-2.8357525,-1.5598536,-0.282756,-0.37529153,-0.43760458,-0.19191197,0.0,-1.134352
-1.0271624,0.31030786,0.31547317,-0.30577844,-1.7296671,-0.103867695,-0.38915604,-0.28576934,-0.45253217,0.0,0.08808009
-0.42404363,-0.8951328,0.58133054,-1.0748655,-1.2252187,-0.18803133,-0.30845016,-0.43417433,-0.17713276,0.0,0.13833639
0.3071993,-0.77045685,-0.492578,-1.6419251,-1.192078,-0.19362137,-0.3015475,-0.3095126,-0.18066879,0.0,0.15191697
-0.51006925,-1.28968,-2.2269762,-3.4946952,-1.6587276,-0.31994483,-0.34981558,-0.42576042,-0.16930182,0.0,0.0930128
-0.76650137,-1.7542667,0.28304383,-1.7267282,-2.0653377,-0.18489648,-0.31313065,-0.35568956,-0.18727337,0.0,0.07786492
0.6877483,-3.5828476,0.4384014,-0.086705506,-1.1655494,-0.1333299,-0.37619635,-0.24342382,-0.4573365,0.0,-0.17812778
-0.9644899,-0.57305247,-0.044726938,1.53959,2.521182,-0.14207965,-0.14761193,-0.13222031,3.7999783,0.0,0.20339951
0.13985585,-1.1333219,-1.9447355,-3.332375,-2.1213427,-0.24818371,-0.34666324,-0.42404628,-0.16733834,0.0,0.12511748
-0.1626101,-0.9673312,-0.542445,0.47321296,-1.198946,-0.09968757,-0.3661431,-0.26746464,-0.3492981,0.0,0.141267
0.22704834,-0.69653666,-2.4361467,-0.7676024,-1.6430268,-0.16223733,-0.46247968,-0.43592748,-0.21670312,0.0,-1.6425627
-0.6222299,-1.9882537,-1.812134,-2.2540069,-2.2170587,-0.2768911,-0.31895158,-0.4501169,-0.17455848,0.0,-0.08706562
-0.06303966,-0.7794641,-1.1761186,-2.9779124,-0.34876642,-0.3115421,-0.3455395,-0.38230976,-0.16551784,0.0,-1.4783664
0.11662404,-0.68426424,0.7458694,-2.0658133,-1.5376201,-0.18147396,-0.40464243,-0.23611589,-0.19573443,0.0,0.14252612
0.16365598,-0.46904695,-2.5424542,-2.9769256,-2.1652231,-0.26908085,-0.35418767,-0.4525617,-0.16641352,0.0,-0.98559636
-1.484287,-1.0750054,-0.5688198,-2.577296,-2.1586318,-0.23721242,-0.3495501,-0.3943003,-0.2017312,0.0,0.06905014
-0.14254467,-1.7100779,-0.97974634,-2.7196405,-1.0903862,-0.30093044,-0.36495152,-0.41631287,-0.18949178,0.0,-1.2101293
-1.1542536,-0.68508327,0.117725134,-2.785735,0.046580724,-0.31098646,-0.3426369,-0.3423849,-0.19335335,0.0,-1.4847533
-0.10802034,0.2675176,-1.6910942,-3.16261,-0.25704437,-0.30697078,-0.33264735,-0.36217692,-0.15575103,0.0,-1.3871056
-0.458215,-0.94818556,0.93907785,-0.888157,-0.8666819,-0.13353263,-0.33237216,-0.3046214,-0.1945185,0.0,0.0022499133
0.5434268,-0.92853886,-1.3180696,-3.3571484,-1.7480141,-0.22980455,-0.3460073,-0.38067707,-0.16240636,0.0,0.15200341
-1.3841652,-0.12816294,-0.9129276,-2.9882944,-1.4856073,-0.2642482,-0.3523676,-0.41558638,-0.181636,0.0,-1.478081
0.41598427,-1.1324723,-2.741385,-3.3186986,-1.5750316,-0.3425927,-0.35268003,-0.44072822,-0.18096744,0.0,-0.022328781
-0.51608205,0.4438486,-0.35151067,-3.6347811,-0.5262451,-0.2698316,-0.29498634,-0.29337168,-0.18288828,0.0,0.14109637
-0.6378871,-1.8966054,-1.7405963,-2.5325012,-1.7734183,-0.27790943,-0.3675071,-0.45225295,-0.19190508,0.0,-0.75436234
-1.0002801,-1.3663666,-1.6876664,-1.550617,-2.3417997,-0.13602908,-0.444911,-0.42899603,-0.30465895,0.0,0.08998945
-0.4719185,-0.78118664,-1.4679546,-2.2314959,2.6365025,-0.94167244,-0.23080774,-0.21369442,-0.17623098,0.0,0.19803214
-1.3954709,-0.6719051,-0.69177055,-2.9483347,-1.1370589,-0.31534833,-0.3616872,-0.37679377,-0.19965965,0.0,-0.18767512
-0.4163479,0.119508855,-1.060088,-2.5788486,2.7532032,-0.6657087,-0.21685,-0.20878458,-0.15068273,0.0,-0.6225394
-0.84693563,-0.94949996,-1.541102,-2.900705,-1.440317,-0.32922179,-0.36686286,-0.42104167,-0.18603511,0.0,-1.2580278
0.23103926,-0.453516,-2.8898718,-3.4668686,-1.5600201,-0.31791544,-0.347451,-0.43012923,-0.1674784,0.0,0.1126201
-0.22312118,0.16295737,-1.8911221,-2.8461592,-2.1041377,-0.22952712,-0.32317346,-0.39315844,-0.17519243,0.0,0.045118935
-0.27746648,0.37086493,-2.199166,-3.4706938,-1.6455412,-0.30615622,-0.33366466,-0.40920228,-0.17343932,0.0,0.06433721
-0.57122517,-0.6843846,-1.0854195,-3.0527232,-1.5167358,-0.26942638,-0.35986203,-0.43111184,-0.18408449,0.0,-1.292953
0.53031707,-0.4045611,-2.2641652,-0.5648085,-1.8289084,-0.1311743,-0.37628546,-0.40458682,-0.2334041,0.0,0.12442076
-0.92988044,0.44745478,0.9219503,-1.600357,-1.5524782,-0.16913484,-0.3015789,-0.28531343,-0.17833735,0.0,0.11051826
0.14392307,-0.9508501,-1.7930683,-0.8569889,-1.8459332,-0.13511682,-0.36536825,-0.38172603,-0.20466895,0.0,0.16318537
-0.48894417,-0.7706754,-1.7924066,-3.4154637,-1.6317844,-0.26131585,-0.3331472,-0.42027125,-0.17103022,0.0,-0.049357966
-2.2553546,-0.602033,-1.289699,-2.0051107,-1.9030232,-0.17421013,-0.47513518,-0.40138042,-0.26199734,0.0,-1.6581591
0.85253465,-1.8720853,-1.6219465,-3.1355329,-2.086509,-0.2348321,-0.3567308,-0.41662094,-0.18504307,0.0,0.10502746
-0.917705,-0.26261422,-1.9467173,-3.221093,-1.6826258,-0.32899326,-0.3707309,-0.4550763,-0.18659425,0.0,-1.4003816
-0.9596346,0.030929971,0.34439892,-0.7997441,-1.5388563,-0.11459915,-0.41057798,-0.30530107,-0.395931,0.0,0.30798355
-1.7403275,-0.66975677,-0.5994092,-0.34511507,-1.3489705,-0.14695199,-0.4465204,-0.38768739,-0.36593765,0.0,-1.8220937
-0.20816006,-0.454068,-1.2817322,-3.5175161,-2.3610778,-0.22457097,-0.34173378,-0.4156444,-0.1772982,0.0,0.107299685
-0.5270215,0.26028854,-2.2318819,-3.4833426,-1.4506221,-0.33661294,-0.33016685,-0.41910324,-0.17662099,0.0,0.21845843
-0.064801216,-0.6634374,-1.1889987,-2.2211223,-1.9843326,-0.23899421,-0.33824325,-0.41578034,-0.17871644,0.0,-0.7364176
-0.22314826,0.45517784,-1.6084069,-3.4021072,-2.1589835,-0.26991957,-0.3510637,-0.44603232,-0.1716298,0.0,-1.2181315
-1.3281114,-1.2869422,-1.5038459,-0.85810745,-1.612319,-0.15864001,-0.46532553,-0.4514396,-0.342647,0.0,-1.7694498
-0.02294667,-0.52459246,-0.8703449,-0.5269857,-1.376939,-0.124176286,-0.36334664,-0.32825345,-0.24995382,0.0,0.08763779
-1.407819,-0.7919429,-1.0220948,-3.29377,-1.9460303,-0.25362572,-0.3685852,-0.41358623,-0.2006176,0.0,0.0869766
-0.010633713,-0.49300674,-2.2357697,-3.038926,-0.7657254,-0.3466203,-0.3583277,-0.40757966,-0.16182452,0.0,-1.1707653
-0.99148065,-1.6342888,-1.1654042,-1.1439626,-1.124066,-0.14148876,-0.42233142,-0.3714554,-0.34499136,0.0,0.15556264
-1.3814315,-0.8070185,-1.3425593,-3.198083,-1.6851774,-0.25368625,-0.36869615,-0.40292808,-0.20160007,0.0,0.11101254
0.51364243,-0.8007641,-1.2028203,-0.054559384,-2.0379667,-0.12254584,-0.35271832,-0.34344465,-0.31867078,0.0,0.09488643
0.7479913,-0.67529356,-2.2739944,-0.81249326,-1.6283121,-0.1683778,-0.44776928,-0.43733594,-0.20400743,0.0,-1.3610731
-0.668552,-1.0470951,-0.9493603,-3.2911747,-2.4065316,-0.2379236,-0.35619864,-0.40529644,-0.1939998,0.0,0.10807378
-0.23716286,-0.5717344,-0.75055736,-3.2236807,-2.2607715,-0.23175387,-0.3470896,-0.4030053,-0.1859327,0.0,0.14724517
-0.91238356,-2.1946502,-1.2402737,-3.4045112,-2.4057915,-0.23869976,-0.35521084,-0.4451924,-0.19370198,0.0,0.11436587
-1.4535059,-1.384265,-1.5522729,-1.7710234,-1.7084025,-0.17784995,-0.50242895,-0.45725712,-0.26353428,0.0,-1.6254785
-0.49049494,-0.90938073,-1.9474827,-3.3728778,-1.3038391,-0.31894922,-0.3490092,-0.3919775,-0.17349875,0.0,0.14153822
-1.6377131,-0.8403058,-0.90143895,-3.5009215,-1.684437,-0.2519627,-0.3650672,-0.38405004,-0.22590661,0.0,-0.008389788
0.009139966,0.28400713,-0.8743005,-3.104105,-2.196041,-0.29779002,-0.34473252,-0.4225564,-0.1720437,0.0,-1.0790205
-0.2590887,-1.1127388,-1.2912076,-2.5751424,-1.865743,-0.2349399,-0.33984938,-0.39089596,-0.19240427,0.0,0.095240876
-1.5276557,-0.77911466,-1.3666689,-2.9137812,2.5454216,-0.60426325,-0.30659425,-0.2117688,-0.25097495,0.0,0.19028905
-1.105315,0.35675678,-1.5788845,-2.494369,-1.9558847,-0.24325949,-0.33650833,-0.42984268,-0.17547601,0.0,-1.2265553
-0.6430349,-1.776463,-1.362705,-2.3500648,0.114947185,-0.26020694,-0.316518,-0.31437236,-0.192284,0.0,0.10328452
-1.5368477,-0.89705455,-1.2330511,-3.1658168,-2.4532988,-0.29479778,-0.36765498,-0.44013143,-0.199507,0.0,0.06371405
-1.7364455,-0.6931053,-1.5375787,-3.0460129,-1.4626604,-0.33942616,-0.38337064,-0.4375793,-0.19676384,0.0,-1.2565012
-0.5070005,-1.101794,-1.5750588,-1.2576797,-2.0117564,-0.16704391,-0.3467029,-0.4231825,-0.20366758,0.0,-0.0064699086
-0.48020405,-0.67159665,-0.5481697,-3.6693094,-1.4806154,-0.24007665,-0.33317873,-0.35465705,-0.2058524,0.0,0.43883893
-1.8010126,-0.8824864,-1.5122416,-1.6134413,-2.1752605,-0.14352044,-0.44583514,-0.3994301,-0.3072038,0.0,0.14353478
-0.6004612,-0.63294697,-1.0809077,-1.4411752,-0.8432657,-0.15436716,-0.333421,-0.3648237,-0.198957,0.0,0.18358652
-0.27054447,-1.8909582,-2.1956396,-2.9433138,-1.579471,-0.32376826,-0.3591243,-0.41314498,-0.19681004,0.0,0.123719364
-1.597132,-0.7532643,-1.3572923,-2.9716818,-2.1869986,-0.3174378,-0.38193324,-0.46616474,-0.19637674,0.0,-1.2020117
-0.0005689616,0.37894693,-1.1292576,-2.7074451,-2.7588391,-0.23528695,-0.31289822,-0.40176353,-0.17373466,0.0,0.09719622
-2.4086423,0.024645815,-0.0814102,-1.699009,-1.9662704,-0.12377056,-0.4159423,-0.3396149,-0.35328004,0.0,0.022441288
0.6120394,-1.0763525,-1.1844755,-2.1264637,2.6926532,-0.6083306,-0.21670428,-0.20772634,-0.16582711,0.0,0.15970431
-0.30443218,-1.1439108,-1.9892994,-1.169117,-1.600679,-0.14227982,-0.3526471,-0.40581173,-0.17654769,0.0,0.09535828
-2.0007732,-1.3412181,-0.8698964,-0.61206234,-2.313522,-0.13735561,-0.39375797,-0.36052698,-0.42547792,0.0,0.04191666
-0.46680355,-0.68977857,-1.9414496,-3.108174,-1.210229,-0.3388344,-0.36366442,-0.42735046,-0.16758649,0.0,-1.2059436
0.30803096,-0.72467786,-1.7439511,-3.411728,-2.1328793,-0.2354578,-0.34978187,-0.40058085,-0.16708457,0.0,0.12457609
0.7699723,-0.36096665,-1.7441832,-0.42727056,-0.954247,-0.16367497,-0.44651702,-0.39269516,-0.24349679,0.0,-1.6290858
-0.67278796,-0.47034273,-1.3599919,-3.4660344,-2.0777798,-0.22400792,-0.33738846,-0.41275585,-0.17840798,0.0,0.16187088
-0.37215692,0.42550403,-1.8482596,-3.505585,-2.7184787,-0.3182637,-0.3316996,-0.41993645,-0.17492339,0.0,-0.06939101
-1.366039,-0.82621986,-1.8752506,-3.3258934,-1.7813885,-0.32392198,-0.36900765,-0.4166183,-0.20014459,0.0,0.07861289
0.71632916,-1.6196274,0.85460585,0.06324154,-1.6500462,-0.11690372,-0.45117944,-0.25363067,-0.2997586,0.0,0.07611361
-0.70793724,-1.0493302,-1.0339746,-0.6286176,-1.9318621,-0.12562306,-0.37543952,-0.39053026,-0.3070152,0.0,0.18070489
-0.53319764,-0.92192125,-1.9265329,-3.1903603,-2.0724804,-0.31282526,-0.35400674,-0.43323663,-0.1918302,0.0,0.072791725
-0.49585643,-0.6101059,0.41651246,-3.5724542,-1.5093967,-0.21437883,-0.3208411,-0.3284045,-0.17701493,0.0,0.075164914
-1.5207319,-0.83503515,-0.872093,-3.204711,-1.9015626,-0.25269198,-0.36883283,-0.40877944,-0.20021848,0.0,0.10174627
-0.30990544,0.06594283,-2.0368857,-3.628576,-1.5141734,-0.31554818,-0.3357476,-0.3913542,-0.1768733,0.0,0.09831176
-1.952995,-2.0517545,-1.097328,-0.3222286,-1.3871537,-0.11222723,-0.43451807,-0.33938473,-0.5000563,0.0,0.06821105
-0.17350608,-0.87234205,-1.9672205,-3.3760524,-1.9711251,-0.3125019,-0.3465893,-0.42581663,-0.18445194,0.0,0.11286692
-0.69479305,-1.1400993,-0.69336843,-2.1299632,-2.2132664,-0.19426568,-0.3206208,-0.6769872,-0.16186646,0.0,0.10644571
-2.78696,-1.1055694,-1.6441921,0.1842397,-2.0715399,-0.11038412,-0.33610657,-0.33726272,-0.5686729,0.0,-0.011653205
-0.5420863,-0.94156003,-0.8042821,-3.266446,-1.3113779,-0.29064125,-0.33557105,-0.37564743,-0.18217675,0.0,0.1690315
-1.0267974,-1.6339335,-1.9673886,-2.9232247,1.4646549,-0.9429942,-0.24345222,-0.23751691,-0.1799879,0.0,0.18533584
-0.24271534,0.20417581,-1.4161438,-3.7016773,-1.7968177,-0.22344004,-0.33345577,-0.37409878,-0.17248821,0.0,0.12850659
-1.5325285,-0.90816015,-2.1237624,-3.5351105,-2.6086144,-0.32322982,-0.3699231,-0.44849056,-0.20102052,0.0,0.03482622
-0.88395494,-0.14345886,-2.024518,-3.4984324,-1.9744223,-0.30851,-0.35816038,-0.43650216,-0.18708685,0.0,0.087020725
-0.68196756,-0.9748915,-1.3702575,-3.3440614,-2.3316727,-0.2951811,-0.3640056,-0.4380085,-0.19447035,0.0,0.06421842
-0.7155792,-0.19358107,-1.6854744,-1.386042,-1.8991414,-0.13805804,-0.34240386,-0.39798892,-0.19012901,0.0,0.12289311
-1.2850014,-1.3787066,-1.1557972,2.6858954,-0.8433766,-0.109386586,-0.26245636,-0.50967073,-0.38623118,0.0,-1.587295
-0.7013285,-0.31760213,-0.7551907,-2.3673797,2.4454236,-0.8363663,-0.24864632,-0.28264025,-0.17730169,0.0,-2.6838315
-2.3712368,-0.4045375,-0.42538878,-1.9570385,-1.0628111,-0.16514297,-0.3567368,-0.31302676,-0.31921822,0.0,0.12644865
-1.0220877,-1.6135746,-0.81528413,-2.5003805,0.21021354,-0.38364875,-0.31449625,-0.338755,-0.16587593,0.0,-1.2315835
-0.6315388,-1.0911613,-0.768681,-1.2698622,-1.2935085,-0.13587418,-0.3460183,-0.34249088,-0.22388768,0.0,0.103902504
-0.8194058,-1.3551693,-0.16333643,-3.5340056,-2.0534554,-0.22988345,-0.34799716,-0.3578901,-0.1908743,0.0,0.053151567
-0.9495771,-0.6735731,-1.719421,-2.793483,-2.1936212,-0.23067285,-0.35785633,-0.39713424,-0.19767188,0.0,0.05451075
-1.0974731,-0.39863428,-0.3836585,-2.6331694,-1.1946809,-0.22961849,-0.37193954,-0.37205386,-0.25665855,0.0,-1.5819554
-0.37865737,0.1371004,-1.2763767,-3.617233,-1.9113532,-0.22410531,-0.33488557,-0.40420455,-0.17395109,0.0,0.122684695
-0.6022712,-0.16203819,-0.48465124,-2.2632139,2.4665017,-0.8209114,-0.24657175,-0.2782598,-0.17239812,0.0,-2.7649882
-0.2054424,-1.185363,-0.78047633,-3.186446,-1.4616988,-0.3000808,-0.34056962,-0.38214222,-0.18882063,0.0,-0.25162026
-0.23837724,-1.8829613,-1.5689507,-3.0732253,-0.53707105,-0.32136667,-0.353627,-0.38809037,-0.16992398,0.0,-1.384234
-0.8285092,-0.11734063,-0.9852121,0.7993463,2.6318393,-0.14333321,-0.1797919,-0.13238066,3.984315,0.0,0.2283285
-2.3409426,-1.3016951,0.25135112,-0.24077304,-1.4199094,-0.15435816,-0.4342896,-0.38290635,-0.35847485,0.0,-1.4518979
-0.37566218,0.47794878,-0.45593607,-0.5681758,-1.3293184,-0.1191864,-0.36493328,-0.3225457,-0.3011152,0.0,0.08562886
-2.415471,0.052432965,-1.6009923,1.2810482,-1.3919724,-0.1092346,-0.26847833,-0.4663448,-0.3967892,0.0,-1.8001744
-0.1975624,-1.9468415,-1.929981,-2.5886815,-2.2582228,-0.3284084,-0.37281966,-0.47455427,-0.19295013,0.0,-1.0944794
-0.52324986,-2.3008454,-1.7924815,-3.066995,-1.6846869,-0.32220066,-0.35939217,-0.42029503,-0.18705817,0.0,0.113300025
-0.4537082,-1.0586704,0.8962948,-1.1165062,-0.6811121,-0.17756663,-0.37949544,-0.35024282,-0.19049112,0.0,-1.2584448
-0.28434664,0.2770544,-1.185108,-3.5113325,-1.7111703,-0.23351996,-0.3364157,-0.369894,-0.15878758,0.0,0.12884614
-0.1394856,-0.7212517,-2.353738,-3.0377743,-2.82501,-0.2904237,-0.34429365,-0.4274172,-0.17199019,0.0,0.11059587
-1.8873485,0.16676626,-2.0049605,-3.353023,-1.7291104,-0.3315753,-0.3669101,-0.4598955,-0.18555062,0.0,-1.4573965
-0.14218016,-0.85582215,-0.35402432,-3.2281458,-1.7002367,-0.27214202,-0.35610047,-0.3875696,-0.18023916,0.0,-1.1342787
-0.8006772,-0.9955645,-1.9713638,-2.947557,-1.7705185,-0.26201487,-0.34229338,-0.4130852,-0.1842051,0.0,-0.26269236
-0.46813452,-1.2840638,-1.7614926,-3.055699,-1.2910944,-0.33949095,-0.36068448,-0.43978757,-0.18113871,0.0,-1.1255362
0.2050752,-0.9746589,-2.1082768,-3.4771874,-3.1596537,-0.23172536,-0.35071516,-0.41874537,-0.16970085,0.0,0.11333611
-1.629883,-1.203201,-0.050182454,-1.4929358,-1.6026655,-0.12652238,-0.45107362,-0.33034244,-0.4113228,0.0,0.5855777
-1.0396576,0.34072492,-0.5332112,-3.530824,-2.2517629,-0.2309361,-0.33225846,-0.34044185,-0.19617343,0.0,0.11419935
-1.8356256,-0.46856233,-1.2284927,-1.4860995,-2.198684,-0.13370939,-0.40928987,-0.393159,-0.2834409,0.0,0.15930462
-0.7059433,-0.29753456,-1.6322528,-3.179538,-1.5855381,-0.30687577,-0.36126044,-0.3974854,-0.19124956,0.0,0.12809701
-0.4864264,-0.58530104,-1.5650318,-3.4185133,-2.5871086,-0.22332041,-0.35000595,-0.42836258,-0.17638932,0.0,0.12613365
-0.80277,-0.8642306,-1.5852864,-3.2488058,-1.7041446,-0.31129268,-0.36283967,-0.3995164,-0.19440408,0.0,0.102840506
-1.621756,0.33545646,-1.710346,-2.8539386,-2.1401663,-0.23879218,-0.34449202,-0.4148955,-0.18958712,0.0,0.061299067
0.31733847,-1.2818085,-0.5210743,-3.4211047,-2.169876,-0.22640443,-0.34171852,-0.3534835,-0.18035366,0.0,0.098360315
-2.1629088,0.11140622,0.49394795,-3.1381545,-1.0340409,-0.28610295,-0.35330522,-0.36650294,-0.1863967,0.0,-1.2163035
1.0472397,-1.4272947,0.46741802,-0.65132964,-1.8025895,-0.11042079,-0.44383398,-0.25984517,-0.2604247,0.0,0.07115506
-0.6479006,-0.01730106,-1.838668,-1.7880708,-1.8917611,-0.22419561,-0.30206183,-0.40088147,-0.1808203,0.0,0.081777126
-0.83393073,-1.0430573,-1.2901396,-3.279991,-2.4259586,-0.23890431,-0.36671442,-0.44398746,-0.19726813,0.0,0.06993051
2.243254,-0.3536915,1.0336521,0.50144327,-0.36108908,-0.09283588,4.5609145,-0.20831166,-0.17533076,0.0,-1.0128402
-2.1929338,-0.09292813,-0.020464974,-0.14760551,-1.138652,-0.12108697,-0.47797516,-0.3835911,-0.42535138,0.0,-2.1007905
-1.7395732,-0.8271198,-1.1863848,-3.0612385,-1.5852588,-0.2819487,-0.38290954,-0.4397812,-0.19713877,0.0,-1.3236079
-1.6808962,-1.3263962,0.81607115,-1.9048314,-1.360457,-0.21810639,-0.33729708,-0.3668671,-0.19940084,0.0,-0.0018956393
-1.3856429,-0.7565488,-1.4111887,-3.2040994,-1.9010592,-0.31623816,-0.36223325,-0.44036916,-0.19912747,0.0,0.08731721
-1.9707989,-1.2659066,-0.2767299,-1.8710862,-1.3044277,-0.1981323,-0.4638254,-0.4112157,-0.22413926,0.0,-1.5519333
-0.47405124,-1.3835882,-1.9382122,-3.327544,-1.3345078,-0.31703347,-0.34784603,-0.39219785,-0.16668728,0.0,0.12734833
0.42444283,-0.9081591,-0.18525553,-0.86736155,-1.2807908,-0.15189938,-0.34432063,-0.30723372,-0.17491789,0.0,0.053768914
-0.25467905,-0.7033241,-2.3469582,-3.3488178,0.14950155,-0.462041,-0.29002485,-0.3305263,-0.17455028,0.0,-0.5210245
-0.9033289,-1.4771979,0.89880705,-1.8415177,-0.9683436,-0.2631404,-0.33688527,-0.36568153,-0.18549542,0.0,-1.6639111
-1.1018896,-0.02432486,0.38068554,-1.185057,-1.272049,-0.21167485,-0.32042208,-0.53907615,-0.1790902,0.0,-1.6058459
-0.9902658,-0.73185885,-0.28385848,-2.624884,0.213213,-0.33202294,-0.34337196,-0.3546429,-0.19362313,0.0,-1.5219122
-1.5358111,-1.243692,-1.7410196,-2.6125488,-2.807601,-0.24353302,-0.34672025,-0.43276832,-0.20190015,0.0,0.0025655045
0.6748417,-0.86340004,-0.7831445,-0.5049473,-2.1185424,-0.116509035,-0.3833346,-0.32331622,-0.2977126,0.0,0.07526044
-0.01101826,-1.7022704,-1.6402037,-2.2821264,-1.3357476,-0.27024907,-0.36460426,-0.40715346,-0.18647325,0.0,-0.75495315
-0.41055912,-0.7756537,-1.6706141,-3.3725007,-1.8964361,-0.28347167,-0.34791952,-0.4102653,-0.16830653,0.0,-0.24449983
-1.6305732,-0.8059512,-1.353251,-3.1712158,-1.7367554,-0.28794637,-0.38311717,-0.47134495,-0.196894,0.0,-1.2411792
-0.64184064,-1.4058727,-1.3398508,-2.8292868,-3.157818,-0.25070706,-0.32872528,-0.43542054,-0.18124534,0.0,0.10266214
-1.8838377,-1.8938988,-0.77079636,-0.6709893,-1.9132978,-0.12411216,-0.46415195,-0.39338428,-0.4964171,0.0,-1.9009554
0.40840015,-0.5752395,-2.1023655,-3.1011431,-1.3530383,-0.26822025,-0.35457215,-0.41253245,-0.15619032,0.0,-1.0341395
-1.2749069,0.13109787,-1.2249087,-3.3070192,-1.2527881,-0.24184941,-0.42957225,-0.36494574,-0.28673062,0.0,-1.2709659
-0.7391367,-1.557212,-2.1740012,-3.4784887,-1.9265257,-0.3212735,-0.34861004,-0.45074636,-0.18761668,0.0,0.1091568
-2.119365,0.22604774,-0.06472571,1.1272553,-1.7890341,-0.09764347,-0.2901941,-0.3146713,-0.44367397,0.0,0.07946819
-1.3217144,-0.691954,-0.47275433,0.81422526,2.595916,-0.19606766,-0.16494237,-0.14344567,4.0301995,0.0,0.2167444
-0.35615888,-1.2323684,-0.5309958,-3.4182127,-0.97550887,-0.27894524,-0.35354885,-0.3849046,-0.19272217,0.0,-1.1357089
-1.6991938,-1.3965037,-1.3521519,-1.9351083,-0.06280958,-0.18126264,-0.34469363,-0.34465086,-0.23034848,0.0,0.15870796
-0.21715645,0.22679642,-0.88348377,-3.3484428,-0.33902916,-0.2387084,-0.30720073,-0.32893673,-0.17268378,0.0,0.19535327
-2.7105887,-0.61196166,-0.83947647,2.2888799,-1.6050673,-0.10377882,-0.2582845,-0.3542399,-0.3724729,0.0,0.038431026
0.5043712,-0.9388568,-1.2265284,-2.6609254,2.11128,-0.6016865,-0.22406107,-0.2190932,-0.15520693,0.0,0.22489116
-1.2689708,0.3965984,-1.0510403,-2.3487582,-1.1470773,-0.23279822,-0.338928,-0.33459926,-0.18786277,0.0,0.11043189
-2.8302479,-0.96628714,-1.1059679,-1.3592798,-1.8271322,-0.12909321,-0.57383597,-0.39096448,-0.48851293,0.0,-1.6457387
-0.6822186,-1.9570107,-1.7985842,-2.4868894,-1.3043635,-0.2631411,-0.353396,-0.37612617,-0.19831873,0.0,0.07477612
-0.4512294,-0.43995395,-2.0992734,-1.6449269,-0.3247589,-0.26240063,-0.3433583,-0.3325218,-0.21638936,0.0,-0.31089687
-2.9755669,-1.092159,-0.9221314,-1.1255608,-1.6197324,-0.13265364,-0.55543923,-0.38988882,-0.48052815,0.0,-1.4988732
-1.7068675,-0.1607303,-0.9125518,-3.210852,-1.7358747,-0.26886946,-0.35959452,-0.37097296,-0.19213586,0.0,0.07026588
0.01174291,-0.65779,-1.7693425,-1.1377172,2.1896958,-0.8947686,-0.23336703,-0.25767663,-0.17168853,0.0,-1.6655356
-0.14901793,0.13134126,0.6606933,3.5209243,0.21908863,-0.080844335,-0.13642842,-0.15652964,3.1858187,0.0,0.30430883
-0.45992994,-1.2537131,-1.6701181,-2.2568607,-1.4158467,-0.29173627,-0.34285104,-0.44734442,-0.18116207,0.0,-0.9747018
-0.6801085,-0.17517745,-1.7504805,-2.6150942,-2.2558744,-0.23190932,-0.3243434,-0.40924802,-0.18456197,0.0,0.023240386
0.7631938,-1.0423512,0.80486596,0.6954068,-1.2171493,-0.11464827,-0.4430513,-0.2880671,-0.2733801,0.0,-1.4440628
-0.44598404,0.36438996,-1.203989,-1.3512492,-0.22745195,-0.15870978,-0.3154662,-0.33738163,-0.18106268,0.0,0.20844916
-1.5796918,-1.161248,-0.54219544,-0.6134427,-1.7843087,-0.15652697,-0.4663725,-0.41315922,-0.37438008,0.0,-1.7088978
-0.2545505,-1.8567587,-0.38931376,-1.5048224,0.100938454,-0.30925438,-0.28224295,-0.32983822,-0.20212528,0.0,-0.52590245
0.03874075,-0.5355763,-0.88371056,-2.3876476,-1.3737154,-0.2302699,-0.32795137,-0.32285288,-0.17836608,0.0,0.09961299
-0.010008934,-2.0448442,-1.3325266,-3.0132372,-1.9231461,-0.23716559,-0.35830423,-0.4062427,-0.1953481,0.0,0.12765376
-1.6427301,-0.61848676,-1.6077867,-3.0668883,-1.4064949,-0.34071356,-0.3847674,-0.44511142,-0.19771959,0.0,-1.1248869
0.056453325,-1.8721381,-1.3098042,-2.8306155,-1.7210032,-0.28268686,-0.37511483,-0.4538104,-0.19031464,0.0,-0.9896671
-1.3943349,-0.75003856,-1.8411114,-3.2764401,-1.6642429,-0.32244548,-0.3694234,-0.4149002,-0.20281725,0.0,0.06941865
-0.19753554,-0.9188221,-2.239882,-3.5783656,-2.8136644,-0.30901143,-0.33826622,-0.41310757,-0.17850399,0.0,0.08166987
-0.8844562,-1.4278815,-0.8116711,-0.53620476,1.2827076,-0.5187212,-0.34394896,-0.26970196,-0.22678092,0.0,-3.0715594
-0.72582465,-1.7256492,-1.5840173,-1.7929356,-2.5713367,-0.24337538,-0.34722838,-0.46220243,-0.18868887,0.0,-1.2325507
-0.65037745,0.2290144,-1.1646037,-0.8601078,-0.9565145,-0.15731108,-0.45471495,-0.35008168,-0.31010574,0.0,-1.7092066
-0.5371658,0.08485199,-1.5207669,-3.6238093,-1.9903457,-0.22999385,-0.33585396,-0.37960827,-0.17628673,0.0,0.09862728
-0.14647287,0.3683556,-1.8561335,-3.2942007,-1.4466933,-0.32614705,-0.348331,-0.410833,-0.17377572,0.0,-1.0283138
0.21069692,0.28403935,-1.5567961,-2.7952487,-2.748246,-0.22990336,-0.32720536,-0.39210105,-0.17672803,0.0,0.051290587
-0.5332289,-1.2101283,-1.9647579,-2.7384787,-2.0667346,-0.23663929,-0.3399841,-0.42374182,-0.1850999,0.0,0.059532437
0.21069103,-1.1451101,-2.5604928,-3.1661694,-1.2138907,-0.33735418,-0.3623481,-0.4255131,-0.16078247,0.0,-0.9312483
-0.81981975,-1.0106552,-1.5437864,-3.1040783,-1.3965669,-0.3294885,-0.36636633,-0.42725825,-0.18452054,0.0,-1.1894202
-0.7449323,-0.33814123,-1.6295536,-3.2765727,-1.7698622,-0.30806252,-0.3624301,-0.4037192,-0.1911589,0.0,0.10522423
0.033478815,0.42954153,0.65529746,-0.87628824,-1.0179907,-0.13163012,-0.3256392,-0.28976497,-0.1714222,0.0,0.084834404
-1.2563356,-1.0038469,-0.759508,-1.3241736,-1.8838025,-0.1279316,-0.42662245,-0.3521613,-0.31796592,0.0,0.025714034
-0.58466357,-1.5890127,-1.0920951,-2.8757236,-2.6753602,-0.24397181,-0.34181923,-0.45297673,-0.19139569,0.0,0.08070608
-1.9077129,-0.962894,-1.450284,-1.6905515,-2.4349434,-0.13151921,-0.44709307,-0.40158686,-0.30387238,0.0,0.1399085
0.51780295,-0.39199397,-0.83705705,-0.24304979,-2.162207,-0.11835622,-0.3584174,-0.3270843,-0.26261228,0.0,0.14485529
0.6206408,-0.75298,-1.4526945,-1.8236961,-1.055262,-0.20346157,-0.31375653,-0.3579851,-0.15814611,0.0,0.1752252
-1.4788743,-0.89144367,-1.7163926,-3.432767,-1.960663,-0.28608578,-0.36530218,-0.4210166,-0.20119219,0.0,-0.049310062
-1.0242199,0.25499415,0.7679245,-1.7036072,-0.7086756,-0.2422948,-0.31715813,-0.34084713,-0.1745497,0.0,-1.7838062
0.2373793,-0.2733595,-2.0097568,-1.1265502,-2.445125,-0.13425946,-0.35411137,-0.40699622,-0.17550121,0.0,0.12555785
-0.021138504,0.2659609,-1.7051353,-2.9710717,-1.2168951,-0.32390887,-0.34802926,-0.3994944,-0.17356373,0.0,-1.1721269
-1.814063,-0.32832628,-0.74693865,-3.0641737,-1.7458042,-0.2806245,-0.3815267,-0.4374724,-0.19441178,0.0,-1.3646574
-1.1005912,0.14375979,-1.2376834,-1.9697905,-0.033683673,-0.30914164,-0.30731058,-0.35935944,-0.17741512,0.0,-2.201039
-0.33073965,-1.713705,-1.1700554,-3.258186,-0.67274106,-0.26131094,-0.33244407,-0.36925614,-0.16764368,0.0,0.17524199
-2.0131555,-1.0861253,-2.2752218,-1.7080435,-1.5429837,-0.21732783,-0.50748926,-0.4583631,-0.25993487,0.0,-1.5125642
-0.32752624,-1.4751489,-0.38506567,-2.4247828,3.6184912,-0.47573754,-0.21842483,-0.22221911,-0.17154463,0.0,0.23186722
-0.57833475,-0.7332183,-1.3738413,-3.2198415,-1.435372,-0.27873492,-0.36048228,-0.44620726,-0.18151464,0.0,-1.0885196
-0.23342735,-0.6690351,-1.5762596,-3.2589264,-0.21194054,-0.32480353,-0.3270334,-0.36983657,-0.18069497,0.0,0.1394094
-0.83424866,-1.2426418,-1.0552102,-1.2804722,-2.5974293,-0.14318971,-0.4343686,-0.35444206,-0.3647225,0.0,0.30114055
0.46290934,-0.57999027,-1.9227738,-3.2265894,-2.2264705,-0.23093237,-0.3483244,-0.42458487,-0.16785072,0.0,0.1363212
-0.5197275,-0.7889646,0.28706014,-2.5257204,-1.2894129,-0.26522398,-0.33781397,-0.3630916,-0.18220596,0.0,0.10348285
-0.5839102,-1.3371348,-1.325292,-2.157184,-2.5396106,-0.25104475,-0.31563115,-0.4374862,-0.16974849,0.0,0.11697316
-1.2593998,-1.1887548,-2.021051,-3.1341715,-1.7227678,-0.32036033,-0.3543408,-0.4527531,-0.18029155,0.0,-1.504895
-1.3906189,-1.1233003,-0.8199107,-2.3464077,-2.2772117,-0.20338987,-0.35304344,-0.3580544,-0.2640538,0.0,0.05484549
-0.6737229,-1.391529,-2.0991426,-2.9849715,-2.3278012,-0.24322338,-0.34463206,-0.4302991,-0.1726457,0.0,0.089782625
-1.7054281,-0.5113297,-1.505397,-2.944819,-0.15520649,-0.36169994,-0.36406964,-0.41035318,-0.19328551,0.0,-1.3156748
-0.23228757,-1.3400437,-2.0008721,-3.336539,-1.3998038,-0.31875145,-0.3481374,-0.3895901,-0.16727905,0.0,0.13665873
-0.3715036,0.16691814,-0.1762578,-1.8170549,-2.3157613,-0.18637328,-0.29828653,-0.59831774,-0.1677886,0.0,0.13136628
-0.92624533,-1.2296182,-0.21117938,-1.8236698,-2.47035,-0.19445263,-0.30561075,-0.869198,-0.16469198,0.0,0.103636645
-0.23099132,-0.42800236,-1.5426241,-3.5442507,-1.9949946,-0.26694882,-0.3368115,-0.41964933,-0.17715424,0.0,0.0032847957
-0.9192257,-1.4551024,-0.7739774,-3.750064,-1.8751516,-0.22800651,-0.3459968,-0.36553773,-0.25582665,0.0,0.079163805
-2.8807557,-0.61279166,-0.099973224,-1.8854314,-2.0729017,-0.12731704,-0.4305031,-0.34073725,-0.38433352,0.0,0.062021337
-0.6053338,-1.2032393,0.5669267,-3.644114,-1.3873419,-0.22593434,-0.33310685,-0.3259618,-0.17037883,0.0,0.055122815
-0.092412084,-0.43114686,-0.18840072,-2.566258,3.3773649,-0.48909348,-0.21279845,-0.20663029,-0.16033739,0.0,0.27443668
-0.010959631,0.46458876,-0.8855217,-2.2588754,-1.4583975,-0.24030685,-0.3327556,-0.37472925,-0.17166282,0.0,-0.7707341
-1.7423929,-0.8673235,-1.0672158,-2.959865,-1.5114653,-0.28523034,-0.3815663,-0.44375888,-0.19789118,0.0,-1.2139719
-0.03784886,-0.6083536,-1.1940508,-2.8408546,-1.2405707,-0.28911203,-0.34816802,-0.37016428,-0.1592035,0.0,-0.9282946
0.38847694,0.2661335,-1.467837,0.13230368,-2.0632741,-0.115886636,-0.31775025,-0.31883287,-0.2937434,0.0,0.12008165
-0.13565235,-1.8112586,-2.1087527,-2.694398,-1.4834794,-0.3449178,-0.37493858,-0.44242656,-0.19265726,0.0,-1.043225
-0.6347438,-2.2553477,-0.851577,-2.5732727,-0.25529096,-0.28034097,-0.32117796,-0.3314675,-0.19101226,0.0,0.15288553
-1.0917917,-0.7604072,-1.5316584,-2.926284,-1.605243,-0.3303041,-0.37928396,-0.4421124,-0.19319235,0.0,-1.2453176
-1.3290803,-0.8395682,-1.4929664,-2.2819798,-0.9303084,-0.28171092,-0.34878424,-0.39932865,-0.1995677,0.0,0.110645466
0.10948795,-0.8428602,-1.9426231,-1.1412861,-2.310292,-0.13478804,-0.35314366,-0.4129647,-0.17469966,0.0,0.13954778
-0.9620437,-0.0681021,-1.2325356,-3.4277415,-2.2249067,-0.24657543,-0.33728322,-0.41976836,-0.17997025,0.0,0.12970413
-1.7968491,-1.6894666,-0.99314463,0.15860417,-1.9711604,-0.10282718,-0.36371264,-0.323741,-0.5173452,0.0,0.08223498
-0.9845053,0.32853597,-1.1912584,-1.1388828,-1.9928297,-0.122018285,-0.36917436,-0.37830848,-0.2625799,0.0,0.16300648
-0.18610388,0.37139165,-0.92554533,-2.7183723,-2.7773087,-0.2238847,-0.31701428,-0.3977178,-0.16451927,0.0,0.067536786
-1.8915542,-0.3617157,-1.2281419,-3.435732,-2.170362,-0.23516577,-0.36711186,-0.37945879,-0.2364157,0.0,0.086340256
-0.7464572,-0.92547816,-1.9611027,-3.3074596,-2.1070573,-0.31409246,-0.3637517,-0.4415906,-0.19473688,0.0,0.06059008
-1.0230446,-2.0286467,-0.9496503,-0.8495725,-0.7977887,-0.17972548,-0.3839809,-0.29019982,-0.31537923,0.0,-0.06458986
-2.6045713,-0.43195614,0.10226145,-1.2207217,-2.538596,-0.10930612,-0.49278143,-0.3320765,-0.49326757,0.0,0.10956437
-1.40624,-0.87309194,-1.3837306,-3.3660452,-2.18137,-0.26812226,-0.36837026,-0.44325855,-0.19942561,0.0,0.059321295
-0.83549196,-0.6556723,0.32724807,-1.4231519,-0.99269646,-0.12033615,-0.39366657,-0.30487955,-0.26877996,0.0,0.10842364
-1.4246758,0.3381587,0.57299924,-1.2010729,-1.4287843,-0.14596765,-0.32957476,-0.29068682,-0.20050873,0.0,0.38874617
-0.5246514,-0.88383096,-0.27125645,4.3332076,-1.352288,-0.093232386,-0.22021486,-0.29623982,-0.27531722,0.0,0.13711266
0.2017521,-0.40786904,-2.1439655,-3.4477541,-2.0406063,-0.23600474,-0.34793726,-0.42645985,-0.16729721,0.0,0.1383096
-0.96315086,-1.6284512,-1.2454796,-1.9874116,-2.2634654,-0.15829824,-0.3679243,-0.42520332,-0.22227219,0.0,0.05106089
-0.62211233,-1.1816354,-1.6072152,-1.8776546,-2.500102,-0.2331183,-0.31245124,-0.42630085,-0.17961489,0.0,0.0669778
-0.23766057,0.24540442,-1.9651604,-2.8608067,-1.8694588,-0.24931787,-0.32164553,-0.39879978,-0.17730884,0.0,0.035964426
-1.080239,-0.4277503,-0.039329793,1.7442514,1.7628785,-0.15068977,-0.15408365,-0.13684946,3.8973148,0.0,0.22526728
-0.19785994,0.5888244,-1.6324123,-0.23164952,-1.7871555,-0.11714026,-0.33766595,-0.38423255,-0.2890429,0.0,0.14475861
-0.4671826,-1.4366429,-2.3764808,-3.1052501,-1.7854358,-0.2543817,-0.35001576,-0.40899202,-0.17155756,0.0,0.057093177
1.3379463,-1.0542146,1.2214974,0.14636604,-1.7303038,-0.10536213,-0.386365,-0.25294667,-0.29045004,0.0,0.08884839
-0.5589891,-0.022401722,-0.87018377,-2.265781,-2.160078,-0.19172642,-0.31451607,-0.33067775,-0.2109674,0.0,0.05841932
-0.11384422,-0.675225,-2.4150066,-3.1201036,-0.41750458,-0.3791566,-0.3446356,-0.38133943,-0.16476126,0.0,-1.3134623
-0.55493844,0.31471556,-1.4010841,-3.5051525,-2.826931,-0.20870264,-0.3360105,-0.41058356,-0.17608005,0.0,0.13001314
-1.6184143,-0.32756913,-0.8508845,-3.125421,-2.2008924,-0.29096696,-0.3685111,-0.40652037,-0.19856948,0.0,0.113767795
-0.7386525,-0.8042809,-0.057516325,0.2326893,0.49071303,-0.12600023,-0.31023735,-0.23678637,-0.385544,0.0,0.23819771
0.6778137,-0.79125935,0.28319186,-3.5795763,-1.245989,-0.23762196,-0.33200195,-0.2969515,-0.1671097,0.0,0.078205906
-1.4645581,-1.0428818,-1.6377501,-2.6987677,-1.9113535,-0.25074932,-0.36199114,-0.40096846,-0.20550096,0.0,0.03235388
-0.83598083,-1.2092161,-1.5022497,-2.4334142,0.18741506,-0.25410846,-0.32148114,-0.30517653,-0.19712791,0.0,0.07092514
-0.48526886,-1.0923977,-1.3104683,-3.2065191,-2.0045156,-0.27824655,-0.36032578,-0.46742728,-0.17920896,0.0,-1.3062063
-1.9506838,-0.7206862,-1.0659299,-1.3717852,-1.5136584,-0.122836985,-0.47140676,-0.33084255,-0.44058913,0.0,0.5313699
-2.0634432,-1.0820004,-0.45835876,-1.1099464,1.1206781,-0.16048722,-0.35377952,-0.23963407,-0.37076008,0.0,0.19702637
-0.40651932,-1.2515396,-2.3899758,-2.999737,-3.096279,-0.23663713,-0.3450939,-0.4231657,-0.17420831,0.0,0.05343176
-0.3054157,-0.8333654,-2.125158,-3.4476376,-1.5790154,-0.3144812,-0.339715,-0.39124262,-0.16890025,0.0,0.11786823
-0.2111558,0.27402338,0.4306692,-3.6303625,-2.3732345,-0.24362838,-0.31737068,-0.32435822,-0.17608812,0.0,0.42960355
-1.8117653,-1.3562031,-0.5713191,-0.38089353,-1.4636991,-0.1355578,-0.38678485,-0.3675643,-0.40884802,0.0,0.02232363
-1.8973567,-0.55937815,-0.97017837,-2.4690988,-1.5449804,-0.25726438,-0.36644223,-0.41362238,-0.19323462,0.0,-0.9968593
-1.4233792,-1.0650647,-1.7160074,-2.7545362,-1.8586189,-0.25073433,-0.36197412,-0.399423,-0.20455392,0.0,0.024125773
0.05373932,-1.4276456,-2.7529557,-2.9067266,2.6034453,-1.0696058,-0.22638912,-0.22634365,-0.16312683,0.0,0.17273565
-0.57042074,0.27126178,0.19586137,-3.091257,0.2554596,-0.29095113,-0.29356566,-0.2774725,-0.17424218,0.0,0.1713585
-0.76159835,-1.2045604,-1.043632,-2.656053,-2.5175169,-0.24647394,-0.34481895,-0.43012765,-0.1942751,0.0,0.08121216
-1.0047137,-0.31843203,-0.53401655,-1.9344736,0.33095172,-0.868277,-0.24865258,-0.26490226,-0.18778625,0.0,-2.723228
-1.7935272,-1.6433184,-1.6813464,-1.6098231,-1.8867849,-0.14625324,-0.43002862,-0.4236817,-0.30953047,0.0,0.058348402
-0.18780956,-2.391314,-2.267776,-2.8903656,-3.1823645,-0.2573944,-0.35620588,-0.45137188,-0.19304682,0.0,0.040185858
-1.0227399,0.14232564,-1.6735222,-1.7560486,-2.5848763,-0.13991745,-0.35343617,-0.4105205,-0.20402429,0.0,0.10168588
-1.6475744,-1.0502366,0.04928305,-2.40213,-1.1963832,-0.25094238,-0.33946028,-0.35450342,-0.19786215,0.0,-0.23599643
-0.83802986,0.39227644,-0.58992124,-1.6620877,1.3322341,-0.52922153,-0.21263282,-0.3024563,-0.15145904,0.0,0.18650816
-2.1089282,-0.082238264,-1.1030034,-3.360618,-1.8079232,-0.19760136,-0.42925668,-0.3548016,-0.2852642,0.0,0.039396767
-0.465995,-1.9942433,-1.099014,-2.7384033,-2.002584,-0.30369017,-0.35539287,-0.40120104,-0.19415922,0.0,-0.34242353
-0.772549,-1.986906,-1.5051454,-2.1872466,-1.0239298,-0.28365442,-0.36415952,-0.3933544,-0.1933375,0.0,-0.79931617
0.7033705,-1.340519,-0.31801844,1.1333324,-0.97816926,-0.0825336,4.068579,-0.19011202,-0.16758947,0.0,0.07789857
-0.009896566,-1.9619505,-1.502643,-3.6198025,-2.0751002,-0.2399862,-0.3594218,-0.36784306,-0.20514718,0.0,0.10439918
-0.80093294,-0.7911564,-1.9335353,-2.8117547,-2.2678483,-0.23083319,-0.33859327,-0.41400033,-0.18682447,0.0,0.05003176
-0.6994959,-2.053169,-1.9298444,-3.2968197,-1.7881838,-0.32272097,-0.35886496,-0.42547652,-0.1877628,0.0,0.10224533
0.058451355,-1.0853935,-0.6488851,-1.1493211,-1.089816,-0.15842628,-0.4258856,-0.329021,-0.1940461,0.0,-1.292452
-1.0598711,0.29360127,-1.7874287,-3.5059934,-1.7130808,-0.30821946,-0.34932163,-0.39531013,-0.18542954,0.0,0.122244395
-0.5777205,-1.2276257,-1.5648166,-2.7586126,-2.0992846,-0.25125548,-0.3404809,-0.39386135,-0.1942896,0.0,-0.03702595
0.2660083,-0.6890384,-1.6224254,-1.7964251,-1.4047018,-0.23722033,-0.34767234,-0.4215932,-0.16093013,0.0,-1.3314917
-0.20599997,-0.88241345,-1.5544667,-3.2248652,-1.4081106,-0.2738405,-0.35472372,-0.4137705,-0.15867949,0.0,-1.1391581
-0.42306924,-0.5917249,-1.0357589,-3.3181663,-1.8629526,-0.23291291,-0.34451988,-0.39605334,-0.18439516,0.0,0.15816566
0.2053116,-0.8456786,-1.4863175,-2.2045543,-1.9511541,-0.2105605,-0.33411446,-0.414882,-0.16449794,0.0,0.11998775
-0.80042094,-0.06901387,-1.4938487,-2.452971,-1.7880435,-0.24518111,-0.32199147,-0.38749585,-0.1767159,0.0,-0.039589338
-0.63514644,-0.14015865,-1.7824221,-3.3918507,-1.644029,-0.30745623,-0.33821347,-0.3899802,-0.1832459,0.0,0.1406392
-0.04695592,-1.5260876,-1.676655,-3.3095376,-1.9877956,-0.23094314,-0.3550838,-0.39828578,-0.16519354,0.0,0.1167556
-0.24542001,0.09309985,-1.6480606,-3.512716,-1.5588642,-0.27261132,-0.3485758,-0.4465511,-0.17113115,0.0,-1.1825747
-0.14192723,-0.72873044,-0.39449537,-2.5496871,3.0732822,-0.6317636,-0.21311635,-0.20916235,-0.15812768,0.0,0.2253463
-1.5063292,-1.0284456,-1.2508782,-3.343789,-2.4358172,-0.2949205,-0.3663291,-0.43724078,-0.20015399,0.0,0.04097431
-0.92938745,-0.57101554,-0.8359395,-2.9883966,-2.6916902,-0.22829899,-0.35786,-0.42378846,-0.19119428,0.0,0.06359854
-0.26215264,-1.1341926,-1.3571634,-0.05792796,-2.127523,-0.11795573,-0.3500742,-0.403301,-0.36686915,0.0,0.116612375
-0.32621327,0.07477485,0.63407826,-3.5461204,-1.199736,-0.23360132,-0.31922692,-0.32269353,-0.17922932,0.0,0.46331728
-1.4498779,-0.82353824,-0.8147401,-2.6519358,2.0127866,-0.7169171,-0.2538394,-0.23438457,-0.19806695,0.0,0.2122176
0.26493454,0.18062517,-2.3018548,-1.4822521,-1.642809,-0.22986934,-0.3371507,-0.42248946,-0.15663284,0.0,-1.4267839
-0.37522724,0.2641806,-1.0747331,-3.5090764,-2.2731924,-0.22814515,-0.33461896,-0.41419774,-0.17688715,0.0,0.10725595
-0.4596772,0.5182325,0.19194509,-3.6821418,-1.805759,-0.20970896,-0.3196929,-0.32013068,-0.17522787,0.0,0.036823396
-0.18151575,-1.9449477,-2.1890817,-3.166331,-0.41002646,-0.34177235,-0.33284432,-0.37738997,-0.17507334,0.0,0.1632516
-0.5559812,-1.107911,-1.4527984,-3.3982477,-3.3488493,-0.22298859,-0.34907055,-0.43500325,-0.18114124,0.0,0.1180159
0.90233445,-0.5115642,0.22118069,1.3110559,-0.050845746,-0.16482352,-0.30673486,-0.270601,-0.26983806,0.0,-2.4905596
-0.8533466,0.19818361,-1.3614002,-3.7621095,-2.8388453,-0.23152716,-0.3550762,-0.42958912,-0.18651405,0.0,0.096371606
-0.23896083,0.1695429,-2.1619194,-3.4165077,-1.4174325,-0.33535057,-0.34888366,-0.44364223,-0.17204629,0.0,-1.1341397
-0.43229008,0.4774451,-2.156211,-3.0393126,-2.1645072,-0.25694337,-0.32542297,-0.40503782,-0.17741033,0.0,-0.06117324
-0.23572208,-1.2931416,0.08271191,0.44778094,-1.1846579,-0.114767455,-0.30527896,-0.30635068,-0.29853794,0.0,0.11320043
1.4847753,-1.2525264,0.25312856,0.74528563,-0.52944463,-0.08913394,4.168325,-0.30597627,-0.16400228,0.0,-1.3102213
-2.309678,-0.33568037,-0.2735189,-1.4454758,-1.386364,-0.13096027,-0.5093897,-0.36410558,-0.40374076,0.0,-1.8762509
-0.8658264,-1.1022565,-1.1172308,-3.3716316,-2.0446255,-0.24653545,-0.33984393,-0.38845924,-0.1830374,0.0,0.15390217
0.6937384,-0.40899566,-0.2654584,-0.4573671,-2.2434893,-0.12364124,-0.36855647,-0.33662054,-0.23941608,0.0,0.15112981
-0.9889287,-1.9918864,-1.0882329,-3.3326423,-1.7330585,-0.2425041,-0.3551584,-0.41729686,-0.19218066,0.0,0.13380265
0.058628872,-0.57376474,-1.4400643,-3.279775,-0.72302175,-0.2540226,-0.33103323,-0.3644368,-0.1604297,0.0,0.17257518
-0.7834522,-1.9092813,-1.5479524,-2.1937773,-0.31944093,-0.32132894,-0.3427906,-0.36624908,-0.19553392,0.0,-0.8975485
-1.5289221,-0.42198777,-1.1620176,-3.3176274,-2.2743764,-0.2333993,-0.36831784,-0.41438726,-0.19863951,0.0,0.113884665
-0.12528859,-0.13108765,-2.531791,-3.4294162,-1.3626212,-0.31304312,-0.33644736,-0.37473735,-0.1585773,0.0,0.14522645
-1.2547463,-0.7404387,-0.36523178,-0.6433504,1.0194956,-0.48635855,-0.1902362,-0.6286224,-0.15484425,0.0,0.19255735
0.5319969,-0.96484524,-1.8829932,-3.288644,-1.3052634,-0.27771086,-0.36517316,-0.43820444,-0.16460012,0.0,-0.95078856
-0.3397392,0.31029475,-0.9645516,-3.27855,-1.8524991,-0.22597535,-0.33370912,-0.37867624,-0.17639615,0.0,0.19174725
-0.9394747,-1.287514,-1.9946256,-3.0195644,-2.8217115,-0.24087445,-0.36176354,-0.4298475,-0.19946735,0.0,-0.0028015408
-2.6850777,-0.7267969,0.19338706,-2.962188,-1.6686249,-0.22785173,-0.41787362,-0.41115546,-0.28123096,0.0,-1.4933628
-0.34234086,-1.6377121,-1.315692,-3.1039977,-0.41689876,-0.26317656,-0.33314985,-0.35947993,-0.20810053,0.0,0.16641492
0.43595192,-0.24868116,-2.9141479,-3.4551547,-1.7400991,-0.3165072,-0.34633788,-0.42781097,-0.16758193,0.0,0.10200764
-0.39656126,-1.1437731,-1.7867067,-3.4955804,-2.2874138,-0.26480365,-0.3466302,-0.42998365,-0.18753861,0.0,0.1879581
-1.9204715,-1.3284763,0.24211444,-0.6638021,-1.7248996,-0.1287869,-0.43890175,-0.35943472,-0.3559353,0.0,0.002049021
-0.38498557,-0.7162414,-1.3658789,-1.8960963,-2.2215009,-0.13563666,-0.3683734,-0.37581745,-0.20142159,0.0,0.13014501
-0.42319,-1.374613,-1.0625777,-2.1471975,-1.2714753,-0.23495346,-0.33856273,-0.34565884,-0.18787222,0.0,0.13128175
-1.6679949,-1.0317994,-0.40167266,-3.5833614,-2.586119,-0.2420527,-0.3663968,-0.3964023,-0.2043053,0.0,0.042407542
-0.32896543,-1.134575,-2.186403,-3.278085,-2.864832,-0.2914219,-0.34897122,-0.43585163,-0.17243698,0.0,0.113375045
-0.5463318,-0.43271717,-1.1914259,-1.0994978,2.148264,-0.28017062,-0.2565231,-0.22470854,-0.25521204,0.0,0.2644397
0.4090414,-0.73043996,0.38323966,3.906904,-0.46524966,-0.10526615,-0.18332157,-0.23063494,3.2862678,0.0,-1.919119
-1.7325807,-0.58375293,-1.0564748,-0.37470505,-2.0086684,-0.09953293,-0.40818888,-0.2837159,-0.52582467,0.0,0.09679473
-1.6997707,-1.4982715,-1.4416856,-1.7512001,-1.9799591,-0.14610806,-0.42983648,-0.39685822,-0.30800518,0.0,0.13055423
-0.30096555,0.37911987,-1.3694036,-3.520415,-2.2348084,-0.24520041,-0.33349863,-0.40889692,-0.17280881,0.0,0.12076896
-0.6924824,-0.852364,-0.6361288,-2.8621092,0.9769455,-0.35287198,-0.30507898,-0.29884544,-0.18438134,0.0,0.18221216
-0.09149614,-0.5342207,-2.4308445,-3.0040433,-0.3233441,-0.35746527,-0.34005103,-0.3855447,-0.15595093,0.0,-1.2233274
-1.4067626,-0.47525617,-1.7103081,-2.7728803,0.7096662,-0.43908155,-0.33339232,-0.37223503,-0.19229804,0.0,-1.5221905
1.1097146,-0.377775,0.75109076,0.16296822,-0.7581681,-0.1159264,-0.387779,-0.22834381,-0.29696643,0.0,0.17272514
-0.8231778,-1.0525724,-1.0430515,-2.5254908,-2.0788772,-0.2224327,-0.32584646,-0.37241805,-0.18327984,0.0,0.12861305
-0.5131622,-1.2683274,-1.2291244,-3.0728252,-1.376463,-0.2726005,-0.35896978,-0.44237816,-0.17828469,0.0,-1.0374756
-0.7969739,0.08954023,-1.5348243,-3.3685055,-1.7339973,-0.26737615,-0.35080835,-0.4467238,-0.17489262,0.0,-1.5799373
0.2699209,-2.441841,-2.4625692,-1.5312402,-1.779524,-0.2784543,-0.33763418,-0.44480762,-0.18672395,0.0,0.07105429
-0.53371495,0.29969528,-1.3797644,-1.5319312,-2.0373082,-0.13362482,-0.35752085,-0.39534092,-0.1936657,0.0,0.12294349
0.21701492,-0.5270449,-1.8300257,-0.7732797,-0.31178227,-0.1525864,-0.3338641,-0.33019274,-0.20140271,0.0,0.20237097
-0.53741294,-1.2963364,-1.3429837,-2.6771975,-2.3488564,-0.22784571,-0.3335885,-0.42575616,-0.18601273,0.0,0.06293474
-0.565886,-1.144386,-1.8275659,-2.2928808,-2.1518798,-0.23430523,-0.323535,-0.42022738,-0.16870993,0.0,0.081787
-0.15985446,-1.9323593,-1.2700118,-2.5261607,-2.619677,-0.24813166,-0.33628887,-0.4472348,-0.19102275,0.0,0.083421536
-0.6273908,-0.23201878,-1.3446321,-3.2165296,-1.8166776,-0.2652489,-0.35986328,-0.44610634,-0.17532206,0.0,-1.4049534
-1.1532103,-1.4555011,-0.7527022,-0.8653243,2.207562,3.9896693,-0.33091548,-0.2560919,-0.34625274,0.0,-2.5001206
-0.355678,-1.1233319,-0.99295765,-3.3425105,-2.6425629,-0.23338284,-0.34594104,-0.43959764,-0.18861383,0.0,0.13302542
-1.2467562,0.17079711,-1.6584312,-1.148992,0.27573267,-0.27199706,-0.4059986,-0.35819182,-0.23700093,0.0,-2.4826574
0.11725239,-1.6730387,-1.5485977,-0.9146361,-1.1357872,-0.19990636,-0.48078963,-0.32045725,-0.2548862,0.0,-1.6360862
-0.5632831,-0.60861814,-1.9657528,-3.4098167,-3.0008416,-0.30032015,-0.35066178,-0.4312249,-0.17259613,0.0,0.10815097
-1.3974684,0.2764603,-0.53709227,-1.0531278,-1.7207601,-0.12395399,-0.37571162,-0.34581095,-0.29036304,0.0,0.06499615
-0.77257806,-0.059648085,-1.7328616,-2.638794,1.9015939,-0.82537836,-0.21676238,-0.1950509,-0.1566691,0.0,0.08859963
-1.085733,-0.030923128,-0.90001404,-3.2258453,-1.3815385,-0.2673667,-0.369447,-0.42202798,-0.18531156,0.0,-1.488935
-1.5462929,-1.2714459,-1.6316668,-2.8509774,-2.3756545,-0.24151953,-0.35917643,-0.43283257,-0.20016669,0.0,0.031708997
-0.43375155,0.5232668,1.1946878,-0.76005644,-1.0686578,-0.19798438,-0.30209213,-0.56055474,-0.16802166,0.0,-1.7743318
-1.3488488,-2.357756,-1.0450158,-1.5212055,-1.9865587,-0.13573459,-0.44144693,-0.35030833,-0.38742843,0.0,0.17612213
-0.30396685,-1.2262558,-0.913632,-2.4001124,-2.156865,-0.2473829,-0.34724325,-0.44793242,-0.18091169,0.0,-1.1386018
0.019413482,-0.9526351,-2.4246554,-2.3958812,-2.0221577,-0.2741526,-0.3139601,-0.4389226,-0.17077273,0.0,-0.052872375
0.31896877,-0.69133484,-1.6805714,-3.2849927,-1.7793778,-0.2284291,-0.34786025,-0.39690536,-0.16579439,0.0,0.15925963
-0.6799001,-0.2205193,-2.0151842,-2.4253561,1.8662596,-1.1291151,-0.245002,-0.25352526,-0.17173325,0.0,-2.0201898
-1.2454311,0.16558152,0.026428988,0.69240284,-1.3133978,-0.108797975,-0.37162396,-0.34900963,-0.44211096,0.0,-1.9000248
-2.4262724,-1.3830383,-1.5258368,1.0822096,-1.7096312,-0.10410806,-0.26534557,-0.34972355,-0.43806943,0.0,-0.037184883
-0.23183656,-1.3368607,-2.0031219,-3.3394392,-1.3985131,-0.31875145,-0.34820366,-0.3895909,-0.16727905,0.0,0.13695122
-0.06777718,-0.7155934,-2.435907,-2.9432626,-0.3486924,-0.35407418,-0.3399025,-0.38251844,-0.15552174,0.0,-1.2192464
-1.1152688,-1.1362368,-1.2535899,-3.109391,-2.086395,-0.30791843,-0.35815814,-0.4263005,-0.19728813,0.0,0.1497531
-1.7466836,-0.4329497,-1.4121754,-2.055335,-2.0978858,-0.14418216,-0.3854147,-0.3940322,-0.2279995,0.0,0.13942586
-1.513152,-0.88638824,-0.8049222,-3.166878,-1.965644,-0.24627475,-0.36604428,-0.4052671,-0.1999112,0.0,0.12375077
-0.25431046,0.30742094,-1.2852212,-3.363513,-2.1655662,-0.21821058,-0.33423242,-0.41812095,-0.17394307,0.0,0.12364435
-0.23797679,-0.53591186,-2.4506855,-3.229959,-1.7530053,-0.25634956,-0.34310707,-0.40329048,-0.16910519,0.0,0.08121536
-0.8872547,0.13117869,-1.5317434,-3.2700386,-1.6436614,-0.2675127,-0.35032222,-0.44958147,-0.17541143,0.0,-1.5954272
0.43907213,-0.8353321,-2.9450047,-0.05151589,-2.6317198,-0.12173193,-0.33398575,-0.40047207,-0.29737744,0.0,0.13174643
-0.26013383,0.42487168,-0.95317256,-3.534987,-1.251991,-0.23422837,-0.32740846,-0.35157168,-0.17244203,0.0,0.15489982
-0.058779776,-0.6476909,-2.4306588,-3.2033,-1.4595071,-0.33753493,-0.35360968,-0.44351065,-0.16438495,0.0,-1.1170992
-1.6455463,0.11445324,-0.1866241,1.4819788,1.5999727,2.2138028,-0.14863402,-0.26165533,2.9065044,0.0,-2.3374002
-0.512271,0.37760776,-1.0551318,-0.4368042,-2.417313,-0.116686426,-0.3622113,-0.32908154,-0.32499775,0.0,0.062369503
-2.6167328,-1.1326146,-0.81783706,-0.32574302,-2.2762141,-0.1165771,-0.3901366,-0.3347384,-0.55469596,0.0,0.43814847
0.2567246,-1.5867579,-0.1191276,-1.1541394,-1.2477765,-0.22542776,-0.40736604,-0.34094834,-0.18858768,0.0,-1.4071931
-0.8793054,-1.0023042,-0.96999055,-3.2584052,-2.2221553,-0.23718172,-0.36561057,-0.41328064,-0.19767973,0.0,0.09506723
-0.8379324,-0.8382055,-1.128396,-3.2242925,-2.1377048,-0.27344525,-0.3672246,-0.46087962,-0.18584491,0.0,-1.4864653
-1.6490492,-0.62369126,-0.35416934,-2.331124,3.3914242,-0.5577406,-0.2293638,-0.22035882,-0.18284304,0.0,0.2537648
-0.6041629,-0.8713576,-1.0358486,-3.5979974,-1.872363,-0.23182708,-0.33281368,-0.33938107,-0.21457894,0.0,0.07381768
-0.47300738,-1.3889266,-1.5252942,-2.536135,-2.0294588,-0.23255774,-0.3423279,-0.38125637,-0.19161461,0.0,0.07196718
-1.8813307,-1.257195,-1.7519296,0.51873344,-1.2908454,-0.11395895,-0.38917986,-0.39884365,-0.5037412,0.0,-1.7673124
-2.95362,-1.2284602,-1.5155913,0.33315864,-1.7285178,-0.10711022,-0.32790568,-0.3391308,-0.5410639,0.0,-0.02096326
-0.34735876,-1.1253076,-1.2337837,-1.872237,-1.160805,-0.27097476,-0.31656733,-0.3877056,-0.16611302,0.0,-0.3175274
-1.0852509,-0.15826927,-1.374448,-3.5035417,-1.9037355,-0.2681761,-0.34563136,-0.4276211,-0.18554899,0.0,0.03274685
-1.46996,-0.8744686,-1.5429151,-1.9333422,-0.86013407,-0.28129867,-0.3352301,-0.39990172,-0.19839624,0.0,0.109817706
-2.7731223,-0.7505252,-1.651456,0.7186444,-0.43142948,-0.11395981,-0.29838368,-0.30177903,-0.52607626,0.0,0.12753844
-0.80332166,-0.3513669,-2.237317,-2.3118575,-1.3672739,-0.31579387,-0.34015444,-0.4424339,-0.17522492,0.0,-1.4406781
-0.41425875,-1.3994542,-1.3546209,-2.7576401,-0.4473436,-0.29230925,-0.3282708,-0.33375198,-0.1863281,0.0,-0.3276674
-0.27870157,-0.8119766,-2.3041773,-3.4642353,-1.6330553,-0.31470874,-0.33906752,-0.41498587,-0.16792122,0.0,0.10275249
-0.2591185,-0.8322405,-1.8777645,-2.8329072,-1.6213251,-0.2563451,-0.3543409,-0.45866677,-0.16578157,0.0,-0.9574126
-0.38227764,0.391551,0.54619443,-3.4820135,-1.0476991,-0.26772812,-0.33314312,-0.35598528,-0.17496061,0.0,-1.3544897
-0.2032842,-0.46648732,-1.9888473,-3.3619242,-1.7947705,-0.33397782,-0.34077725,-0.3924122,-0.17865162,0.0,-0.10560633
0.24596307,-0.7281701,-2.7032766,-3.1799195,-1.4619522,-0.3197723,-0.35511068,-0.3981064,-0.17279221,0.0,0.12623502
-2.7420168,-1.1485406,-0.18332218,-0.6855706,-1.2163372,-0.12882714,-0.4996994,-0.3990969,-0.48028755,0.0,-1.882825
-0.55764914,0.18103239,-1.7960794,-2.200927,-1.8399907,-0.26203322,-0.29612464,-0.41433635,-0.16298163,0.0,-0.07751597
-1.4960117,-0.09875789,-0.4028785,0.5045419,-2.0211506,-0.11380082,-0.3050056,-0.3368082,-0.3590964,0.0,0.121529974
-0.7736749,-0.9342057,-1.5937678,-3.1247501,-1.7566842,-0.31136504,-0.3629147,-0.40594158,-0.19455217,0.0,0.08619998
-0.51563984,-0.72765553,-1.7106389,-2.9950347,0.11177135,-0.32589272,-0.33287528,-0.34874585,-0.19231173,0.0,0.15976404
0.40988377,-0.56627494,-1.8372996,-3.307317,-2.423453,-0.22544478,-0.34872898,-0.42161468,-0.16702665,0.0,0.11931957
-0.036676694,0.2893902,-2.0303888,-3.4274082,-1.8149952,-0.30643934,-0.3335664,-0.40951988,-0.17462736,0.0,0.07680803
-0.2706108,-0.47020718,-0.4604437,-1.4595182,2.9621916,4.5533237,-0.16903071,-0.17270751,-0.12363823,0.0,0.15984674
-1.7903067,-1.0139976,-1.7260069,-2.1454186,2.1696382,-0.6695344,-0.24233906,-0.22065714,-0.18910377,0.0,0.061064646
0.3844866,-0.65100104,-1.538791,-3.4227757,-2.2591438,-0.2369856,-0.3485716,-0.42590675,-0.16857561,0.0,0.110718004
-1.600963,-0.038520552,-1.6512161,-3.3367438,-1.6322447,-0.3164201,-0.36253676,-0.39814827,-0.19239588,0.0,0.123666994
-1.5117189,-0.4093801,-0.6157776,-1.4012368,-1.696491,-0.14048915,-0.42752925,-0.35755178,-0.3186781,0.0,0.5012687
-0.21156332,-1.2297196,-0.4898836,0.3462127,-1.1957647,-0.12146082,-0.32243556,-0.34603202,-0.32290637,0.0,0.09755398
-0.7875574,-2.0151384,-2.1761196,-3.3477762,-2.8975613,-0.32345092,-0.35913336,-0.4557292,-0.19574271,0.0,0.07875753
-1.8468502,0.17952266,0.014374596,0.8382576,-1.0091939,-0.105513506,-0.32743618,-0.32732463,-0.46607962,0.0,0.7035149
-0.56276906,-1.7489907,-0.26215786,-1.3695941,-1.307535,-0.25027552,-0.33824292,-0.39378706,-0.18974333,0.0,-0.81748337
-1.1603478,-1.260241,-0.6264319,0.4237403,0.79502714,-0.13981675,-0.24846558,-0.25561133,-0.35274968,0.0,0.25499648
-0.20463718,0.36445013,-1.6790223,-1.7952982,-2.0314956,-0.17319597,-0.31674722,-0.39718753,-0.16854653,0.0,0.12217949
-0.28627238,0.17942545,-1.1139761,-3.4558086,-1.6550872,-0.22848858,-0.33275554,-0.3690342,-0.17483461,0.0,0.15773726
-0.50669694,-1.3987997,-1.5266047,-2.6061988,-1.0709478,-0.24218354,-0.3419,-0.34772736,-0.16808465,0.0,0.08657
-1.9189405,-1.2827319,-0.7228544,-1.90949,-1.3579491,-0.18951194,-0.4649453,-0.3925592,-0.2499362,0.0,-1.4115047
-0.55885094,-0.9035087,-2.0507383,-3.4736195,-2.6276038,-0.3134172,-0.35625234,-0.4364166,-0.19325767,0.0,0.03788825
-0.4427046,0.49697176,-1.4099351,-2.3995616,0.14739083,-0.25972697,-0.2965414,-0.29067218,-0.17401357,0.0,0.08896253
-1.4191487,-0.9381033,-1.2693131,-3.3264134,-2.1399214,-0.25481915,-0.36963028,-0.44294465,-0.20117003,0.0,0.07001901
0.57519805,-2.1297514,-0.32819793,1.6747274,-1.4840169,-0.09862195,-0.27415022,-0.26190707,-0.259175,0.0,0.11019401
-0.048190355,-1.1957126,-0.9172017,-3.1041615,-1.4506891,-0.27017003,-0.35825047,-0.42214084,-0.18210234,0.0,-1.0932153
-0.20235418,0.50504166,-1.4248078,-3.629396,-2.0862246,-0.22916725,-0.33350334,-0.4085863,-0.17335345,0.0,0.12944192
-0.17402136,-0.3286797,-2.9009724,-2.9914646,2.3612828,-1.0560104,-0.2210652,-0.21954949,-0.15166496,0.0,0.19378427
-1.1298184,-0.87373614,-1.2694086,-0.84347737,1.1653407,-0.32463068,-0.39420834,-0.28080168,-0.37921852,0.0,-2.6552603
-1.4825579,-0.87845856,-1.3355258,-3.3922353,-2.3091917,-0.2457887,-0.36958545,-0.44719923,-0.1992315,0.0,0.08472997
-0.9388614,-1.1030529,-1.7657473,-2.878874,-1.9438629,-0.23791122,-0.34187946,-0.41980615,-0.19006129,0.0,0.05792192
-0.4097106,-2.9379141,-1.4850333,0.05399177,-2.1197717,-0.13169976,-0.34479573,-0.42362994,-0.34635544,0.0,0.13268743
0.16132581,-2.4068656,-0.90352553,-3.2850332,-1.6703215,-0.24429673,-0.35730383,-0.35507634,-0.21847057,0.0,0.06222745
0.10759642,-1.0609434,0.52041894,-1.4200648,-1.5541506,-0.17890167,-0.31142744,-0.3236436,-0.16583283,0.0,0.12825587
-0.9159582,-1.2998167,0.2760309,0.25751317,-2.7099123,-0.15748954,-0.23679805,-1.2217662,-0.1872041,0.0,0.10237242
-1.4842453,-0.7988789,-1.9482818,-3.4513586,-1.9947709,-0.3198349,-0.36878344,-0.44798872,-0.19878052,0.0,0.058473174
-1.4898325,-0.88269657,-1.1662536,-3.2983205,-2.247116,-0.25402424,-0.36872545,-0.44296193,-0.2011114,0.0,0.08286342
0.80553526,-1.2287632,0.9424255,-2.8797512,-1.0287161,-0.21380907,-0.39875335,-0.29102477,-0.1850007,0.0,-1.2872024
-0.48260656,-0.88253844,-1.0200101,-0.63198423,-1.8048368,-0.15557744,-0.43131158,-0.3823584,-0.30961418,0.0,-1.6239715
-0.03827557,0.2743007,-1.8409189,-3.3564343,-2.0892234,-0.22631034,-0.33820873,-0.40832058,-0.16255236,0.0,0.13613504
-2.51529,0.26021287,-1.5768096,-0.4455672,-1.6476775,-0.1114232,-0.42784637,-0.3589947,-0.49058503,0.0,-2.244314
-1.584063,-1.0487697,-1.3257571,-2.8580747,-2.4030058,-0.2690976,-0.36603966,-0.44474673,-0.19892482,0.0,0.060057566
-1.1985567,-0.80455774,-0.9539701,-3.0069957,-1.684659,-0.27488372,-0.38096994,-0.43672654,-0.19526647,0.0,-1.3725519
-1.6568636,-0.6151471,-0.96300584,-3.0567758,-1.4950219,-0.29081157,-0.38307056,-0.43450466,-0.19659369,0.0,-1.2506652
2.2261076,-0.7496666,0.31627008,0.075551525,-0.9411522,-0.082110085,4.8245296,-0.19997534,-0.1791533,0.0,0.076926835
0.23378871,-0.6943811,-2.6647267,-3.3492715,-2.0140104,-0.31805453,-0.34842795,-0.43529436,-0.16942617,0.0,0.10975099
-0.5930538,0.31523955,-0.89106715,-3.3847167,-1.9183631,-0.22831288,-0.3357276,-0.38072067,-0.17816605,0.0,0.17592508
0.45591566,-1.5833406,-1.1302979,2.4694767,-0.91643417,-0.13359398,-0.23199426,-0.43394837,-0.2721206,0.0,-1.3313166
-0.39266425,-0.7574398,-1.8297278,-1.3283558,-2.1000142,-0.1314025,-0.3908867,-0.4008473,-0.26376152,0.0,0.07545063
-0.36160034,-0.4097676,-1.9712143,-3.5339434,-1.6408089,-0.30765778,-0.34127924,-0.38745102,-0.1771884,0.0,0.0790483
-1.5882347,-1.574844,-1.7726014,-2.0842366,-1.8740816,-0.16856293,-0.37328658,-0.42683914,-0.23455356,0.0,0.052722633
-0.21958822,-0.7992469,-2.5584729,-3.3181,-1.6481996,-0.31630766,-0.34854478,-0.41229486,-0.16746582,0.0,0.120801404
0.5289972,-0.7085099,-1.5624415,-3.0993478,-0.33291003,-0.3213124,-0.34951213,-0.3855743,-0.16879956,0.0,-1.3156621
-0.25098523,-0.7040696,-2.1223884,-3.260748,-1.401808,-0.3153712,-0.33879143,-0.37962598,-0.1620961,0.0,0.13652377
-1.3605186,-0.8087079,-1.2017462,-0.62900734,-1.1542166,-0.12795003,-0.42539492,-0.34937057,-0.45081642,0.0,-2.0814168
0.1722348,-1.1250122,-2.5950987,-3.345137,-1.6683482,-0.31694454,-0.34702042,-0.42427063,-0.16792078,0.0,0.100424945
-0.18001963,0.24119326,0.15161452,-2.3497088,1.7963412,-0.93041635,-0.22879699,-0.22992684,-0.14786543,0.0,-1.2903212
-1.7169073,0.28379858,-0.7517679,0.34801066,-0.5878829,-0.16861986,-0.37178552,-0.3582282,-0.32671803,0.0,-2.552854
0.27437377,-0.58665425,-2.5720973,-3.1058466,-1.2651939,-0.33788162,-0.3641061,-0.42513174,-0.16178888,0.0,-0.9422781
-0.5480152,-1.0441823,0.7333649,-0.7087682,-0.92415667,-0.15113588,-0.44402254,-0.3442071,-0.27009556,0.0,-1.8245752
-0.42843875,-1.1194541,-2.316067,-3.4651234,-1.7608076,-0.31928408,-0.3495744,-0.42726716,-0.16970812,0.0,0.09963665
-1.7747558,-1.378945,-0.056925826,-1.8135107,-1.9108137,-0.19073883,-0.44859344,-0.4022754,-0.23391123,0.0,-1.3072641
-0.8007666,-0.0182584,-1.9263664,-3.4225132,-1.991728,-0.30802467,-0.35775903,-0.43387648,-0.1863355,0.0,0.07621281
-0.25445777,0.39034688,-1.6092801,-3.3592465,-1.4936575,-0.2743805,-0.34847033,-0.44792995,-0.17130767,0.0,-1.2017
-0.027102042,0.35007453,-1.4180475,-2.74072,-2.3591769,-0.2213548,-0.31808838,-0.39270198,-0.17358825,0.0,0.05445326
-0.965017,-1.326335,-0.1976937,2.0987644,-0.743149,-0.104597606,-0.24631447,-0.42740965,-0.33969122,0.0,-1.2642392
-0.69040745,-1.0241965,-0.9123804,-3.3229513,-2.213942,-0.23310076,-0.3461956,-0.4116073,-0.19020009,0.0,0.13357712
-0.2584393,-1.2148027,-1.7109452,-3.1748655,-1.5396583,-0.30963525,-0.34431618,-0.3901434,-0.18489452,0.0,0.121138036
-0.7767136,0.23955809,-0.23742451,-3.169938,-0.8777703,-0.2922556,-0.3236313,-0.34604913,-0.19278073,0.0,-1.8203154
0.2435959,-0.79928315,-2.1960785,-3.3634672,-3.1069574,-0.23146665,-0.35108274,-0.42224014,-0.1712462,0.0,0.10846428
-0.4989559,0.42430538,-1.967016,-0.5936575,-1.932915,-0.15141343,-0.3598466,-0.375183,-0.28564903,0.0,-0.1331436
0.21096043,-1.2845737,-0.5018831,0.49128133,-1.5208585,-0.09775121,-0.3614185,-0.23750809,-0.3202566,0.0,0.15404348
-1.3812453,0.06593324,-0.41296676,-3.301604,-1.5353899,-0.2587797,-0.36101797,-0.40057114,-0.21081531,0.0,-1.535161
-0.25682,0.36119157,-0.87291735,-3.085539,-1.41375,-0.26743397,-0.34790096,-0.40419608,-0.1727097,0.0,-1.2778089
-2.6250317,0.32122952,-1.4732709,1.5883617,-1.7147025,-0.109355584,-0.2795611,-0.45779344,-0.3986124,0.0,-1.9293457
